alt,vel,radiance,force,year,month,day,lattitude,longitude,X,Y,energy
,,58000000000.0,0.19,2017,7,31,-118.5,24.7,-13191359.659,2838941.12696,58000.0
38.0,17.2,35000000000.0,0.12,2017,7,23,-69.7,-6.6,-7758968.50829,-736338.874765,35000.0
35.0,13.7,73000000000.0,0.23,2017,7,13,60.7,23.1,6757093.09115,2644116.434,73000.0
20.0,15.2,94000000000.0,0.29,2017,6,30,134.5,-34.3,14972471.5117,-4069156.18281,94000.0
35.1,24.3,1.84e+11,0.52,2017,6,23,143.7,57.0,15996610.827,7760118.6729,184000.0
33.3,13.6,6.36e+11,1.6,2017,6,20,133.0,-54.2,14805492.2755,-7208125.2609,636000.0
46.0,18.4,90000000000.0,0.28,2017,5,24,101.8,-9.1,11332324.1628,-1017293.33679,90000.0
33.0,,35000000000.0,0.12,2017,5,22,-157.6,-49.6,-17543951.749,-6377288.91772,35000.0
33.0,,35000000000.0,0.12,2017,5,14,32.4,-26.0,3606751.5017,-2999080.94347,35000.0
32.4,21.5,1.5e+11,0.43,2017,4,30,56.2,-25.7,6256155.38258,-2961971.85332,150000.0
28.0,,1.263e+12,2.9,2017,3,11,-60.2,28.3,-6701433.34576,3286849.84766,1263000.0
23.0,36.5,4e+11,1.0,2017,3,9,-18.0,40.5,-2003750.83428,4938869.17579,400000.0
37.0,,72000000000.0,0.23,2017,3,8,174.9,-26.1,19469778.9397,-3011471.65248,72000.0
25.4,12.2,65000000000.0,0.21,2017,2,25,13.5,29.5,1502813.12571,3439440.06073,65000.0
,,38000000000.0,0.13,2017,2,21,-66.0,-50.7,-7347086.39236,-6568397.78129,38000.0
38.0,24.2,2.95e+11,0.79,2017,2,18,60.4,6.2,6723697.24391,691531.744085,295000.0
54.0,,20000000000.0,0.073,2017,2,7,-14.8,-27.4,-1647528.46374,-3173535.96633,20000.0
33.5,,66000000000.0,0.21,2017,2,6,131.6,10.4,14649644.9884,1164132.90445,66000.0
42.0,29.7,38000000000.0,0.13,2016,12,23,49.3,21.3,5488050.89611,2427686.54362,38000.0
,,1.17e+11,0.35,2016,12,7,-126.6,-34.5,-14093047.5344,-4096139.04045,117000.0
,,31000000000.0,0.11,2016,11,29,-93.1,-30.6,-10363844.5929,-3580909.76046,31000.0
30.6,17.4,1.38e+11,0.4,2016,11,24,80.3,-15.2,8938955.1107,-1712260.25586,138000.0
37.0,,76000000000.0,0.24,2016,11,3,-16.3,-39.6,-1814507.69993,-4807984.49319,76000.0
27.8,14.2,31000000000.0,0.11,2016,10,1,6.7,36.2,745840.588315,4328176.0753,31000.0
40.0,17.5,71000000000.0,0.22,2016,9,22,178.5,-51.8,19870529.1066,-6764043.36075,71000.0
54.0,18.3,76000000000.0,0.24,2016,9,14,44.6,-3.5,4964849.28938,-389860.758254,76000.0
42.0,,1.42e+11,0.41,2016,8,27,162.2,-56.9,18056021.4067,-7739706.94735,142000.0
34.3,14.9,1.84e+11,0.52,2016,8,11,53.8,-43.7,5988988.60468,-5419133.25936,184000.0
32.4,,1.21e+11,0.36,2016,8,5,171.6,46.4,19102424.6201,5844682.85106,121000.0
37.0,,45000000000.0,0.15,2016,7,21,-1.6,7.8,-178111.185269,870986.520129,45000.0
38.2,25.1,1.53e+11,0.44,2016,7,5,48.6,1.0,5410127.25255,111325.142866,153000.0
33.3,29.1,4.58e+11,1.2,2016,6,27,-11.9,15.8,-1324701.94044,1781573.18219,458000.0
28.7,14.5,3.31e+11,0.87,2016,6,5,138.3,-17.4,15395485.5767,-1967437.5314,331000.0
,,1.72e+11,0.49,2016,6,2,-110.9,33.8,-12345331.529,4001978.42356,172000.0
32.0,,69000000000.0,0.22,2016,5,29,-48.8,10.2,-5432391.15071,1141504.33572,69000.0
30.6,20.8,20000000000.0,0.073,2016,5,20,15.1,-32.8,1680924.31098,-3868787.2981,20000.0
41.7,12.2,5.19e+11,1.3,2016,5,16,6.6,3.2,734708.639236,356407.708114,519000.0
33.0,,1.01e+11,0.31,2016,5,13,-122.3,26.2,-13614373.724,3023872.96043,101000.0
50.0,,1.46e+11,0.42,2016,4,24,-42.8,9.8,-4764474.20595,1096289.52884,146000.0
31.5,17.1,2.24e+11,0.62,2016,4,18,-14.5,20.7,-1614132.6165,2356142.53123,224000.0
,,20000000000.0,0.073,2016,4,12,162.2,38.3,18056021.4067,4621892.86706,20000.0
35.2,15.1,6.55e+11,1.6,2016,4,10,149.0,22.0,16586604.1282,2511525.23485,655000.0
42.0,13.3,32000000000.0,0.11,2016,3,16,-6.3,-49.2,-701312.791998,-6308865.59708,32000.0
31.8,11.7,58000000000.0,0.19,2016,3,3,51.0,-48.0,5677294.03046,-6106854.83489,58000.0
44.0,17.9,35000000000.0,0.12,2016,2,23,67.2,32.3,7480669.78131,3802755.03186,35000.0
32.0,,3.69e+11,0.96,2016,2,21,-37.2,36.5,-4141085.05751,4369640.51065,369000.0
39.4,15.5,2.02e+11,0.56,2016,2,19,-11.6,0.7,-1291306.0932,77925.5821411,202000.0
31.0,15.6,6.853e+12,13.0,2016,2,6,-25.5,-30.4,-2838647.01523,-3555070.43384,6853000.0
37.0,11.5,50000000000.0,0.16,2016,1,27,53.6,-45.8,5966724.70652,-5748356.8016,50000.0
42.5,18.1,46000000000.0,0.15,2016,1,21,0.7,-10.8,77923.6435553,-1209433.84222,46000.0
39.0,,22000000000.0,0.079,2015,12,30,-160.7,33.8,-17889042.1705,4001978.42356,22000.0
42.2,12.1,83000000000.0,0.26,2015,12,21,143.0,5.9,15918687.1834,657948.810925,83000.0
38.0,,1.97e+11,0.55,2015,12,8,150.5,-69.9,16753583.3644,-11036245.7898,197000.0
28.0,,1.02e+11,0.31,2015,11,13,124.3,16.0,13837012.7056,1804722.76626,102000.0
37.0,,78000000000.0,0.24,2015,11,2,33.0,-41.4,3673543.19618,-5071521.81143,78000.0
71.0,,97000000000.0,0.29,2015,10,31,-138.0,9.0,-15362089.7295,1006021.06276,97000.0
38.9,12.9,23000000000.0,0.082,2015,10,13,-52.5,-8.0,-5844273.26665,-893463.751013,23000.0
,,30000000000.0,0.1,2015,10,11,-18.8,-55.4,-2092806.42691,-7439888.19571,30000.0
51.8,11.8,36000000000.0,0.12,2015,10,10,-21.1,-51.0,-2348841.25574,-6621293.72274,36000.0
36.1,,44000000000.0,0.15,2015,10,4,-171.6,22.0,-19102424.6201,2511525.23485,44000.0
,,98000000000.0,0.3,2015,9,17,94.9,-43.1,10564219.6763,-5327205.27427,98000.0
,,70000000000.0,0.22,2015,9,14,-15.2,5.8,-1692056.26006,646758.583284,70000.0
44.4,16.1,20000000000.0,0.073,2015,9,8,29.9,6.3,3328452.77472,702730.254771,20000.0
29.3,21.0,1.798e+12,3.9,2015,9,7,98.9,14.5,11009497.6395,1631643.46701,1798000.0
39.8,24.1,37000000000.0,0.13,2015,9,2,40.2,39.1,4475043.52989,4736005.85382,37000.0
22.0,17.8,23000000000.0,0.082,2015,7,19,-87.6,20.6,-9751587.39349,2344246.27107,23000.0
41.0,,22000000000.0,0.079,2015,7,12,159.6,31.0,17766590.7306,3632749.14338,22000.0
46.3,49.0,56000000000.0,0.18,2015,7,4,103.1,38.6,11477039.5008,4664535.89376,56000.0
32.4,31.9,71000000000.0,0.22,2015,6,14,124.1,6.3,13814748.8074,702730.254771,71000.0
43.5,,1.76e+11,0.5,2015,6,12,-32.1,-1.3,-3573355.65446,-144727.756288,176000.0
61.1,,3.84e+11,1.0,2015,6,10,-161.9,-11.5,-18022625.5594,-1288857.1805,384000.0
,,3.8e+11,0.99,2015,6,2,-142.7,-6.4,-15885291.3362,-713930.923465,380000.0
32.4,,36000000000.0,0.12,2015,5,20,172.6,1.0,19213744.1109,111325.142866,36000.0
29.0,,43000000000.0,0.14,2015,5,18,139.1,32.4,15484541.1693,3815932.13279,43000.0
29.6,12.2,1.43e+11,0.42,2015,5,10,-179.3,-46.3,-19959584.6992,-5828555.45722,143000.0
37.0,17.3,52000000000.0,0.17,2015,5,7,-29.3,-21.5,-3261661.08024,-2451599.08738,52000.0
26.7,12.9,1.05e+11,0.32,2015,4,30,139.1,-48.7,15484541.1693,-6224110.13166,105000.0
37.4,21.3,88000000000.0,0.27,2015,4,21,-39.6,37.7,-4408251.83541,4537132.13004,88000.0
,,65000000000.0,0.21,2015,4,10,8.2,-42.8,912819.824505,-5281579.18459,65000.0
36.3,19.2,1.73e+11,0.49,2015,4,8,51.5,-25.5,5732953.77585,-2937284.43742,173000.0
,,42000000000.0,0.14,2015,4,3,-157.9,8.4,-17577347.5963,938451.586757,42000.0
33.1,13.8,64000000000.0,0.2,2015,3,30,-5.5,-36.1,-612257.199363,-4314389.95633,64000.0
50.0,,1.21e+11,0.36,2015,3,18,159.3,-5.4,17733194.8834,-602017.161893,121000.0
35.2,19.9,72000000000.0,0.23,2015,3,11,119.1,8.0,13258151.3535,893463.751013,72000.0
,,20000000000.0,0.073,2015,3,8,-118.6,-39.1,-13202491.6081,-4736005.85382,20000.0
39.8,18.0,55000000000.0,0.18,2015,3,4,88.1,-15.9,9807247.13889,-1793145.0969,55000.0
33.7,21.1,1.88e+11,0.53,2015,2,26,-149.0,68.0,-16586604.1282,10446997.3148,188000.0
42.0,,58000000000.0,0.19,2015,2,25,-122.4,12.4,-13625505.6731,1391265.16215,58000.0
39.0,28.8,33000000000.0,0.11,2015,2,17,-11.2,-8.0,-1246778.29688,-893463.751013,33000.0
,,22000000000.0,0.079,2015,1,9,-49.2,-23.3,-5476918.94703,-2668339.10575,22000.0
36.0,17.5,1.39e+11,0.41,2015,1,9,28.8,2.0,3206001.33485,222684.208506,139000.0
45.5,35.7,1.36e+11,0.4,2015,1,7,26.9,45.7,2994494.30234,5732403.65505,136000.0
38.1,18.1,20000000000.0,0.073,2015,1,2,140.0,-31.1,15584728.7111,-3645742.868,20000.0
26.3,12.0,33000000000.0,0.11,2014,12,12,144.9,33.5,16130194.2159,3961860.21745,33000.0
26.3,,78000000000.0,0.24,2014,12,9,96.3,76.6,10720066.9634,13659078.5453,78000.0
26.1,13.4,7e+11,1.7,2014,11,28,-172.7,-45.8,-19224876.06,-5748356.8016,700000.0
38.0,,55000000000.0,0.18,2014,11,27,-73.4,-18.8,-8170850.62423,-2131403.24765,55000.0
23.3,25.3,1.18e+11,0.35,2014,11,26,-179.7,-69.5,-20004112.4956,-10907895.7389,118000.0
37.0,19.9,1.05e+11,0.32,2014,11,26,-24.0,-68.2,-2671667.77904,-10506688.4103,105000.0
22.2,16.0,1.56e+11,0.45,2014,11,4,115.8,43.1,12890797.0339,5327205.27427,156000.0
,,34000000000.0,0.12,2014,10,21,-132.9,22.2,-14794360.3264,2535554.61985,34000.0
39.0,,72000000000.0,0.23,2014,10,17,-66.3,-4.6,-7380482.23959,-512620.654063,72000.0
27.2,16.9,29000000000.0,0.1,2014,10,14,119.2,-2.0,13269283.3026,-222684.208506,29000.0
,,39000000000.0,0.13,2014,10,6,85.7,-43.7,9540080.36098,-5419133.25936,39000.0
32.5,,28000000000.0,0.098,2014,9,9,137.2,3.2,15273034.1368,356407.708114,28000.0
,,35000000000.0,0.12,2014,9,5,-150.0,22.7,-16697923.619,2595778.80431,35000.0
,,26000000000.0,0.092,2014,8,29,-49.9,-6.2,-5554842.59058,-691531.744085,26000.0
,,34000000000.0,0.12,2014,8,28,-45.4,3.2,-5053904.88201,356407.708114,34000.0
22.2,16.2,3.819e+12,7.6,2014,8,23,132.6,-61.7,14760964.4792,-8788355.47276,3819000.0
,,73000000000.0,0.23,2014,7,29,-172.2,-49.2,-19169216.3146,-6308865.59708,73000.0
,,53000000000.0,0.17,2014,7,29,-115.9,-33.9,-12901928.9829,-4015382.36007,53000.0
26.3,12.4,2.45e+11,0.67,2014,6,28,141.2,18.9,15718312.1,2143166.06582,245000.0
28.5,11.2,61000000000.0,0.2,2014,6,26,93.4,-71.5,10397240.4401,-11575440.0301,61000.0
28.7,,58000000000.0,0.19,2014,5,29,-131.1,21.9,-14593985.243,2499523.26607,58000.0
30.8,18.0,1.36e+11,0.4,2014,5,16,-95.9,-39.4,-10675539.1671,-4779131.18123,136000.0
44.0,16.5,3.09e+11,0.82,2014,5,16,-176.2,-44.2,-19614494.2778,-5496444.98988,309000.0
35.4,19.0,1.05e+12,2.4,2014,5,8,87.3,-36.9,9718191.54625,-4425177.22787,1050000.0
30.7,16.3,39000000000.0,0.13,2014,3,29,121.5,-28.7,13525318.1314,-3337517.88703,39000.0
30.5,,5.4e+11,1.3,2014,3,18,-111.8,0.0,-12445519.0707,-7.08115455161e-10,540000.0
,,94000000000.0,0.29,2014,3,3,-94.9,-29.0,-10564219.6763,-3375646.03492,94000.0
,,26000000000.0,0.092,2014,2,18,-61.5,-32.8,-6846148.68379,-3868787.2981,26000.0
25.0,,6.3e+11,1.5,2014,2,13,-110.7,13.3,-12323067.6308,1494027.45642,630000.0
29.6,,1.4e+11,0.41,2014,1,15,141.8,-18.5,15785103.7945,-2096156.53847,140000.0
37.0,16.2,78000000000.0,0.24,2014,1,12,64.4,2.9,7168975.20709,322964.449559,78000.0
18.7,44.8,31000000000.0,0.11,2014,1,8,147.6,-1.3,16430756.8411,-144727.756288,31000.0
34.3,15.1,1.47e+11,0.43,2013,12,23,2.0,39.5,222638.981587,4793547.4591,147000.0
23.5,11.8,64000000000.0,0.2,2013,12,8,-165.1,32.8,-18378847.93,3868787.2981,64000.0
59.3,12.4,75000000000.0,0.23,2013,11,21,35.3,44.7,3929578.025,5574415.62666,75000.0
22.2,12.8,1.61e+12,3.5,2013,10,12,-25.0,-19.1,-2782987.26983,-2166712.83975,1610000.0
40.7,,1.6e+11,0.46,2013,9,24,-164.7,-10.3,-18334320.1337,-1152816.82575,160000.0
66.6,,44000000000.0,0.15,2013,8,12,118.2,-34.4,13157963.8118,-4082639.55014,44000.0
29.1,17.8,69000000000.0,0.22,2013,7,31,137.1,-31.8,15261902.1878,-3737086.05624,69000.0
25.6,18.8,3.9e+11,1.0,2013,7,30,90.2,-50.2,10041018.0696,-6480984.63295,390000.0
26.5,22.1,1.2e+11,0.36,2013,7,27,156.2,0.3,17388104.4619,33395.9998334,120000.0
37.0,,20000000000.0,0.073,2013,7,26,-178.5,21.0,-19870529.1066,2391878.58794,20000.0
28.9,,34000000000.0,0.12,2013,6,1,138.4,-65.6,15406617.5258,-9768218.7182,34000.0
,,20000000000.0,0.073,2013,5,14,76.4,-3.0,8504809.09661,-334111.171402,20000.0
21.2,12.1,5.11e+12,10.0,2013,4,30,-30.7,35.5,-3417508.36735,4232038.4624,5110000.0
40.7,14.9,1.066e+12,2.5,2013,4,21,-64.6,-28.1,-7191239.10525,-3261587.36184,1066000.0
26.0,,29000000000.0,0.1,2013,3,12,17.1,-32.7,1903563.29256,-3855551.34651,29000.0
,13.6,32000000000.0,0.1,2013,2,20,-38.8,-23.0,-4319196.24278,-2632018.63759,32000.0
23.3,18.6,3.75e+14,440.0,2013,2,15,61.1,54.8,6801620.88747,7323146.54458,375000000.0
,,65000000000.0,0.21,2013,2,7,-158.6,-18.8,-17655271.2398,-2131403.24765,65000.0
,,3.4e+12,6.9,2013,1,25,-64.6,60.3,-7191239.10525,8466834.60349,3400000.0
36.1,,48000000000.0,0.16,2013,1,12,-155.6,-15.1,-17321312.7674,-1700727.48283,48000.0
,,1.98e+11,0.55,2012,12,30,-83.6,17.3,-9306309.43032,1955774.9437,198000.0
33.3,14.3,25000000000.0,0.089,2012,11,20,29.6,2.5,3295056.92748,278387.075954,25000.0
,,1.2e+11,0.36,2012,11,20,-86.0,-8.0,-9573476.20822,-893463.751013,120000.0
29.3,13.2,23000000000.0,0.082,2012,10,19,49.6,-75.4,5521446.74335,-13106567.7049,23000.0
27.8,13.5,2.1e+11,0.58,2012,10,9,-84.6,51.2,-9417628.92111,6656747.94877,210000.0
,17.0,2.8e+11,0.75,2012,10,3,-21.9,-41.5,-2437896.84837,-5086373.64929,280000.0
35.0,15.4,4.7e+11,1.2,2012,10,2,-111.9,-8.1,-12456651.0198,-904706.484759,470000.0
,,38000000000.0,0.13,2012,9,28,73.7,-6.9,8204246.47146,-769967.861993,38000.0
28.1,18.3,2.44e+11,0.67,2012,9,18,-52.2,1.2,-5810877.41941,133593.156062,244000.0
,,52000000000.0,0.17,2012,9,11,105.2,-18.9,11710810.4315,-2143166.06582,52000.0
23.8,16.9,23000000000.0,0.082,2012,9,10,-111.7,-69.8,-12434387.1216,-11003930.4122,23000.0
38.7,28.9,68000000000.0,0.22,2012,8,27,64.2,-18.3,7146711.30893,-2072693.08098,68000.0
36.0,12.7,2.49e+11,0.68,2012,8,26,117.0,11.8,13024380.4228,1322955.51518,249000.0
27.2,,34000000000.0,0.12,2012,7,27,172.3,63.1,19180348.2637,9124813.23625,34000.0
26.8,18.5,1.33e+11,0.39,2012,7,25,41.5,36.4,4619758.86792,4355801.26497,133000.0
,,60000000000.0,0.19,2012,5,25,-36.2,-41.8,-4029765.56672,-5131067.33564,60000.0
33.3,17.1,1.32e+11,0.39,2012,5,15,-135.5,-61.8,-15083791.0025,-8811874.37774,132000.0
,,2.29e+11,0.63,2012,5,4,-10.6,76.7,-1179986.60241,13707290.123,229000.0
25.2,,44000000000.0,0.15,2012,4,23,107.4,36.2,11955713.3112,4328176.0753,44000.0
,,1.43e+11,0.42,2012,4,21,-174.8,-15.8,-19458646.9907,-1781573.18219,143000.0
,,30000000000.0,0.1,2012,4,19,16.8,5.5,1870167.44533,613199.66335,30000.0
,,32000000000.0,0.11,2012,4,2,-95.2,28.1,-10597615.5235,3261587.36184,32000.0
25.0,11.8,99000000000.0,0.3,2012,3,12,139.8,2.5,15562464.8129,278387.075954,99000.0
20.4,,1.01e+11,0.31,2012,3,3,2.7,7.8,300562.625142,870986.520129,101000.0
,,22000000000.0,0.079,2012,3,1,-29.8,46.9,-3317320.82564,5925766.77484,22000.0
,,37000000000.0,0.13,2012,2,24,30.8,-22.7,3428640.31643,-2595778.80431,37000.0
45.6,,1.54e+11,0.44,2012,2,17,-39.9,-3.2,-4441647.68265,-356407.708114,154000.0
61.0,,1.4e+11,0.41,2012,2,12,54.9,-31.7,6111440.04455,-3723995.0673,140000.0
34.2,12.2,1.5e+11,0.43,2012,2,4,0.1,32.4,11131.9490793,3815932.13279,150000.0
26.3,12.3,21000000000.0,0.076,2012,1,15,109.9,-64.1,12234012.0382,-9375203.62214,21000.0
,,85000000000.0,0.26,2012,1,11,88.5,32.2,9851774.9352,3789592.4619,85000.0
36.1,,1.35e+11,0.4,2011,12,19,52.6,-30.2,5855405.21573,-3529283.97111,135000.0
32.4,,50000000000.0,0.16,2011,12,14,89.6,-62.9,9974226.37508,-9075772.57008,50000.0
,,23000000000.0,0.082,2011,11,20,116.3,-27.9,12946456.7793,-3236371.91754,23000.0
,,36000000000.0,0.12,2011,10,12,-78.4,-26.4,-8727448.07819,-3048707.59733,36000.0
21.3,16.7,67000000000.0,0.21,2011,9,13,-13.8,-19.9,-1536208.97295,-2261188.3093,67000.0
,,27000000000.0,0.095,2011,8,31,-5.1,18.6,-567729.403046,2107898.52798,27000.0
,,23000000000.0,0.082,2011,8,20,-2.8,-27.2,-311694.574221,-3148481.4044,23000.0
63.0,,28000000000.0,0.098,2011,8,4,-86.7,-40.7,-9651399.85178,-4968191.93019,28000.0
29.6,,44000000000.0,0.15,2011,7,27,63.5,-45.3,7068787.66537,-5668874.64168,44000.0
40.7,,65000000000.0,0.21,2011,7,5,139.7,29.1,15551332.8638,3388379.96137,65000.0
,,29000000000.0,0.1,2011,7,4,175.0,-51.7,19480910.8888,-6746062.31756,29000.0
40.5,,24000000000.0,0.086,2011,6,16,-21.4,67.3,-2382237.10298,10242060.7886,24000.0
59.0,11.6,2.28e+12,4.8,2011,5,25,14.0,4.1,1558472.87111,456799.928502,2280000.0
,,20000000000.0,0.073,2011,5,16,92.8,-1.2,10330448.7456,-133593.156062,20000.0
28.7,,2.2e+11,0.61,2011,4,27,-126.6,1.4,-14093047.5344,155862.797533,220000.0
22.2,12.7,1.48e+11,0.43,2011,4,6,-43.5,71.1,-4842397.84951,11436551.505,148000.0
59.0,,58000000000.0,0.19,2011,3,24,-127.5,0.6,-14193235.0761,66792.9152643,58000.0
,,22000000000.0,0.079,2011,3,23,-85.6,-16.8,-9528948.4119,-1897556.23241,22000.0
30.6,11.9,37000000000.0,0.13,2011,3,1,103.9,53.5,11566095.0934,7076025.27618,37000.0
44.4,18.0,39000000000.0,0.13,2011,2,21,43.7,26.3,4864661.74767,3036284.92331,39000.0
,,20000000000.0,0.073,2011,2,12,-95.3,7.8,-10608747.4726,870986.520129,20000.0
61.0,,72000000000.0,0.23,2011,1,21,-44.6,18.9,-4964849.28938,2143166.06582,72000.0
48.0,,29000000000.0,0.1,2011,1,8,-125.8,33.3,-14003991.9418,3935191.98211,29000.0
26.0,18.1,2e+13,33.0,2010,12,25,158.0,38.0,17588479.5453,4579425.81287,20000000.0
24.0,,39000000000.0,0.13,2010,12,14,175.5,-4.9,19536570.6342,-546131.633351,39000.0
66.0,,63000000000.0,0.2,2010,12,9,-169.7,-54.5,-18890917.5876,-7265424.81854,63000.0
33.3,,1.33e+11,0.39,2010,12,1,144.9,-72.5,16130194.2159,-11935768.7024,133000.0
50.0,,81000000000.0,0.25,2010,11,21,143.3,1.9,15952083.0307,211545.807785,81000.0
30.0,,33000000000.0,0.11,2010,11,19,148.8,-10.3,16564340.23,-1152816.82575,33000.0
,,68000000000.0,0.22,2010,11,10,-77.7,74.5,-8649524.43464,12720615.4722,68000.0
37.0,,86000000000.0,0.27,2010,11,9,-16.7,-56.3,-1859035.49625,-7618370.45225,86000.0
26.0,,20000000000.0,0.073,2010,11,9,-160.0,-14.0,-17811118.5269,-1574216.54816,20000.0
35.2,,1.45e+11,0.42,2010,10,27,67.7,-14.1,7536329.5267,-1585691.78939,145000.0
,,50000000000.0,0.16,2010,9,24,-50.6,-67.4,-5632766.23414,-10270967.4174,50000.0
,,67000000000.0,0.21,2010,9,18,36.7,7.4,4085425.31211,826064.010185,67000.0
46.3,,65000000000.0,0.21,2010,9,8,-65.5,-13.9,-7291426.64696,-1562746.29941,65000.0
35.2,,6.83e+11,1.7,2010,9,5,49.0,-25.9,5454655.04887,-2986700.77762,683000.0
33.3,12.3,1.75e+12,3.8,2010,9,3,146.7,-61.0,16330569.2994,-8625823.2002,1750000.0
33.3,,21000000000.0,0.076,2010,8,17,-114.3,20.7,-12723817.7977,2356142.53123,21000.0
,,24000000000.0,0.086,2010,7,15,-178.1,60.9,-19826001.3103,8602897.77629,24000.0
26.0,15.7,7.56e+12,14.0,2010,7,6,-174.5,-34.1,-19425251.1434,-4042237.49968,7560000.0
50.0,,1.13e+11,0.34,2010,6,26,133.2,-0.5,14827756.1737,-55660.4518654,113000.0
,,1.63e+11,0.47,2010,6,21,-120.9,-22.5,-13458526.4369,-2571663.04717,163000.0
42.0,,1.19e+11,0.35,2010,6,17,100.0,-26.1,11131949.0793,-3011471.65248,119000.0
,,56000000000.0,0.18,2010,4,17,-173.0,13.1,-19258271.9072,1471159.34512,56000.0
22.2,18.8,8.44e+11,2.0,2010,4,16,-176.9,1.8,-19692417.9213,200408.051943,844000.0
,,80000000000.0,0.25,2010,4,6,-146.5,52.8,-16308305.4012,6946088.6794,80000.0
,,1.75e+11,0.5,2010,3,18,-51.8,-32.4,-5766349.62309,-3815932.13279,175000.0
35.6,,42000000000.0,0.14,2010,3,14,-90.2,33.8,-10041018.0696,4001978.42356,42000.0
53.0,,30000000000.0,0.1,2010,3,8,110.1,18.2,12256275.9363,2060971.5257,30000.0
52.0,24.5,3.23e+11,0.85,2010,3,8,-92.9,32.0,-10341580.6947,3763310.62714,323000.0
37.0,15.1,1.53e+11,0.44,2010,2,28,21.0,48.7,2337709.30666,6224110.13166,153000.0
,,2.37e+11,0.65,2010,2,26,-166.0,-37.3,-18479035.4717,-4481005.82293,237000.0
,,93000000000.0,0.28,2010,2,24,-102.2,-2.6,-11376851.9591,-289530.060502,93000.0
25.0,14.0,4.92e+11,1.2,2010,1,15,27.0,-8.3,3005626.25142,-927200.366948,492000.0
20.7,,1.02e+11,0.31,2009,12,31,-178.3,37.9,-19848265.2084,4565308.78236,102000.0
,,64000000000.0,0.2,2009,11,25,136.5,-52.8,15195110.4933,-6946088.6794,64000.0
38.0,32.1,1e+13,18.0,2009,11,21,29.2,-22.0,3250529.13116,-2511525.23485,10000000.0
31.5,,7.36e+11,1.8,2009,11,18,-113.2,40.4,-12601366.3578,4924240.58721,736000.0
,,22000000000.0,0.079,2009,11,7,-157.7,45.5,-17555083.6981,5700582.7324,22000.0
37.0,,42000000000.0,0.14,2009,11,7,64.1,24.0,7135579.35985,2753408.10936,42000.0
27.8,,71000000000.0,0.22,2009,10,11,70.2,-78.3,7814628.25369,-14531321.6657,71000.0
19.1,19.2,2e+13,33.0,2009,10,8,120.6,-4.2,13425130.5897,-467961.143605,20000000.0
37.0,,89000000000.0,0.27,2009,9,27,-67.6,-36.0,-7525197.57763,-4300621.37204,89000.0
,,1.44e+11,0.42,2009,9,18,-29.5,7.7,-3283924.9784,859751.951886,144000.0
28.3,24.0,9.65e+11,2.3,2009,9,4,110.0,42.5,12245143.9873,5236173.78392,965000.0
34.0,12.2,2.8e+11,0.75,2009,8,23,18.3,-67.7,2037146.68152,-10358420.5186,280000.0
,,25000000000.0,0.089,2009,7,31,-121.9,8.9,-13569845.9277,994751.904321,25000.0
32.2,,7.27e+11,1.8,2009,7,16,-59.8,-24.4,-6656905.54944,-2802226.15699,727000.0
26.1,15.2,32000000000.0,0.11,2009,6,27,-12.6,-26.6,-1402625.584,-3073585.30461,32000.0
57.4,,33000000000.0,0.11,2009,6,18,-16.0,-23.7,-1781111.85269,-2716894.18102,33000.0
34.2,,2.81e+11,0.76,2009,6,9,-152.7,54.9,-16998486.2441,7342482.29019,281000.0
,,1.43e+11,0.42,2009,5,31,-121.0,19.7,-13469658.386,2237525.46792,143000.0
40.7,,1.4e+11,0.41,2009,5,4,-160.4,36.4,-17855646.3232,4355801.26497,140000.0
,,22000000000.0,0.079,2009,4,20,84.3,6.0,9384233.07387,669141.057044,22000.0
32.4,19.1,2.7e+11,0.73,2009,4,10,25.7,-44.7,2860910.91339,-5574415.62666,270000.0
,,50000000000.0,0.16,2009,2,20,-70.0,-64.9,-7792364.35553,-9582080.23285,50000.0
40.0,15.4,1.6e+12,3.5,2009,2,7,69.8,56.6,7770100.45737,7678797.81864,1600000.0
,,48000000000.0,0.16,2009,1,12,-44.3,47.8,-4931453.44214,6073646.22335,48000.0
26.5,,23000000000.0,0.082,2009,1,10,122.8,-64.0,13670033.4694,-9349764.17415,23000.0
21.1,24.1,35000000000.0,0.12,2008,12,24,-102.0,-68.9,-11354588.0609,-10719794.0194,35000.0
50.0,,2.16e+11,0.6,2008,12,12,-9.7,-7.0,-1079799.06069,-781182.214188,216000.0
34.8,23.7,1.46e+11,0.42,2008,11,24,146.1,-57.9,16263777.6049,-7946339.92962,146000.0
28.2,12.9,1.42e+11,0.41,2008,11,21,-109.9,53.1,-12234012.0382,7001516.67745,142000.0
35.2,22.4,25000000000.0,0.089,2008,11,18,75.9,-29.4,8449149.35121,-3426656.25037,25000.0
29.6,,2.22e+11,0.61,2008,11,9,112.7,14.5,12545706.6124,1631643.46701,222000.0
29.6,11.3,46000000000.0,0.15,2008,10,21,-165.6,32.8,-18434507.6754,3868787.2981,46000.0
21.4,,1.8e+11,0.51,2008,10,10,17.0,-57.3,1892431.34349,-7821684.88075,180000.0
38.9,13.3,3.95e+11,1.0,2008,10,7,31.4,20.9,3495432.01091,2379958.64292,395000.0
,,1.31e+11,0.38,2008,8,16,97.2,11.3,10820254.5051,1266145.1892,131000.0
,,20000000000.0,0.073,2008,8,12,-175.0,-11.6,-19480910.8888,-1300219.20819,20000.0
45.4,13.8,41000000000.0,0.14,2008,8,7,180.0,18.5,20037508.3428,2096156.53847,41000.0
31.5,14.5,1.21e+11,0.36,2008,7,23,68.0,38.6,7569725.37394,4664535.89376,121000.0
54.4,,61000000000.0,0.2,2008,7,22,-89.2,-17.8,-9929698.57876,-2014152.11479,61000.0
52.2,21.7,66000000000.0,0.21,2008,7,8,147.3,72.8,16397360.9938,12047759.9067,66000.0
36.1,9.8,36000000000.0,0.12,2008,7,1,-115.7,37.1,-12879665.0848,4453054.67887,36000.0
33.7,23.1,1.72e+11,0.49,2008,6,27,-17.7,-26.9,-1970354.98704,-3110983.6162,172000.0
,,21000000000.0,0.076,2008,6,18,103.1,6.1,11477039.5008,680335.356476,21000.0
,,21000000000.0,0.076,2008,5,29,-83.5,15.7,-9295177.48124,1770006.98119,21000.0
37.0,14.2,1.5e+11,0.43,2008,5,24,162.0,0.8,18033757.5085,89058.4864167,150000.0
,,21000000000.0,0.076,2008,5,22,134.5,46.9,14972471.5117,5925766.77484,21000.0
,,20000000000.0,0.073,2008,4,30,-35.1,-33.6,-3907314.12684,-3975217.42926,20000.0
26.7,12.9,50000000000.0,0.16,2008,3,15,-41.5,28.0,-4619758.86792,3248973.78965,50000.0
,,20000000000.0,0.073,2008,2,19,-119.8,48.9,-13336074.997,6257910.48874,20000.0
40.4,13.9,1.1e+11,0.33,2008,2,17,-73.4,74.9,-8170850.62423,12889372.0145,110000.0
31.5,11.6,41000000000.0,0.14,2008,1,9,-67.3,-66.8,-7491801.73039,-10099311.5202,41000.0
,,1.36e+11,0.4,2007,12,26,-158.9,-61.6,-17688667.0871,-8764912.67945,136000.0
,,1.22e+11,0.36,2007,12,20,115.4,51.3,12846269.2375,6674532.79847,122000.0
46.3,,58000000000.0,0.19,2007,10,25,91.3,-40.9,10163469.5094,-4997602.85717,58000.0
,,58000000000.0,0.19,2007,10,7,125.6,-35.2,13981728.0436,-4191093.67027,58000.0
30.2,16.9,2.37e+11,0.65,2007,9,22,-85.5,-49.2,-9517816.46282,-6308865.59708,237000.0
35.2,17.0,49000000000.0,0.16,2007,6,11,-170.9,-23.4,-19024500.9766,-2680464.08198,49000.0
38.9,,2.35e+11,0.65,2007,6,8,175.3,-52.0,19514306.7361,-6800125.4544,235000.0
29.6,,31000000000.0,0.11,2007,6,7,53.1,21.9,5911064.96112,2499523.26607,31000.0
,,38000000000.0,0.13,2007,5,16,111.7,-4.5,12434387.1216,-501453.510138,38000.0
31.5,,4e+11,1.0,2007,5,16,164.0,-42.4,18256396.4901,-5221087.11031,400000.0
48.0,,1.75e+11,0.5,2007,5,4,109.4,22.9,12178352.2928,2619929.80049,175000.0
38.0,24.4,1.12e+11,0.33,2007,4,18,-171.2,-83.7,-19057896.8238,-18495425.5017,112000.0
32.5,14.5,40000000000.0,0.13,2007,3,17,4.1,7.1,456409.912252,792398.969873,40000.0
,,25000000000.0,0.089,2007,3,15,-148.4,-44.1,-16519812.4337,-5480930.4775,25000.0
35.5,,3.4e+11,0.89,2007,2,2,-37.2,24.0,-4141085.05751,2753408.10936,340000.0
,,1.47e+11,0.43,2007,1,26,99.7,3.7,11098553.2321,412168.687408,147000.0
32.0,13.4,76000000000.0,0.24,2007,1,22,53.5,45.4,5955592.75744,5684714.65722,76000.0
34.1,,32000000000.0,0.11,2007,1,18,-164.3,5.3,-18289792.3373,590836.505199,32000.0
33.3,,5.48e+11,1.4,2007,1,17,50.8,-8.7,5655030.1323,-972222.790179,548000.0
53.0,,36000000000.0,0.12,2007,1,1,116.5,44.4,12968720.6774,5527553.21544,36000.0
26.5,15.9,7.41e+12,14.0,2006,12,9,26.0,26.2,2894306.76063,3023872.96043,7410000.0
,,21000000000.0,0.076,2006,12,7,-140.0,14.0,-15584728.7111,1574216.54816,21000.0
,,63000000000.0,0.2,2006,12,1,30.7,-13.0,3417508.36735,-1459732.27188,63000.0
,,23000000000.0,0.082,2006,11,13,43.3,-44.0,4820133.95135,-5465442.18332,23000.0
43.0,,2.25e+11,0.62,2006,10,24,-2.7,-1.9,-300562.625142,-211545.807785,225000.0
44.4,23.9,2.58e+11,0.7,2006,10,14,-175.0,49.4,-19480910.8888,6343007.59143,258000.0
22.2,,41000000000.0,0.14,2006,10,9,78.9,-47.0,8783107.82359,-5942074.07243,41000.0
40.7,,41000000000.0,0.14,2006,10,7,-61.8,-23.0,-6879544.53102,-2632018.63759,41000.0
42.0,,90000000000.0,0.28,2006,10,2,53.1,14.0,5911064.96112,1574216.54816,90000.0
48.1,,1.07e+11,0.32,2006,9,27,60.2,-32.0,6701433.34576,-3763310.62714,107000.0
,,1.21e+11,0.36,2006,9,23,-108.0,-29.0,-12022505.0057,-3375646.03492,121000.0
44.1,14.2,1.23e+12,2.8,2006,9,2,109.1,-14.0,12144956.4455,-1574216.54816,1230000.0
40.7,,92000000000.0,0.28,2006,8,29,-162.0,-44.0,-18033757.5085,-5465442.18332,92000.0
47.2,,32000000000.0,0.11,2006,8,18,33.4,-43.0,3718070.9925,-5311971.84695,32000.0
48.2,,2.56e+11,0.7,2006,8,17,165.7,-11.0,18445639.6244,-1232106.8019,256000.0
32.7,,47000000000.0,0.16,2006,8,15,49.6,4.9,5521446.74335,546131.633351,47000.0
37.0,,1.02e+12,2.4,2006,8,9,53.7,-23.1,5977856.6556,-2644116.434,1020000.0
29.6,12.4,85000000000.0,0.26,2006,7,15,-5.0,-78.3,-556597.453966,-14531321.6657,85000.0
38.9,30.2,1.63e+11,0.47,2006,7,15,45.6,31.1,5076168.78017,3645742.868,163000.0
40.7,19.6,59000000000.0,0.19,2006,6,7,22.5,69.2,2504688.54285,10813196.6634,59000.0
,,2.63e+11,0.71,2006,5,21,-25.5,-11.6,-2838647.01523,-1300219.20819,263000.0
35.2,,1.28e+11,0.38,2006,5,6,-152.3,-60.2,-16953958.4478,-8444400.92976,128000.0
33.3,,1.27e+11,0.37,2006,4,8,-113.2,17.3,-12601366.3578,1955774.9437,127000.0
25.0,,2.4e+12,5.0,2006,4,4,-26.6,26.6,-2961098.4551,3073585.30461,2400000.0
35.2,,1.44e+11,0.42,2006,3,14,-64.6,7.0,-7191239.10525,781182.214188,144000.0
35.2,,1.19e+12,2.7,2006,2,6,18.1,-54.5,2014882.78336,-7265424.81854,1190000.0
38.9,19.8,1e+11,0.3,2006,2,4,-143.6,36.9,-15985478.8779,4425177.22787,100000.0
37.0,18.7,7.4e+11,1.8,2006,1,28,56.4,-51.7,6278419.28074,-6746062.31756,740000.0
20.0,,45000000000.0,0.15,2006,1,27,74.7,58.7,8315565.96226,8115825.97,45000.0
37.0,,53000000000.0,0.17,2006,1,26,-111.0,-79.8,-12356463.4781,-15411750.7402,53000.0
32.4,16.9,28000000000.0,0.098,2006,1,10,-12.7,29.8,-1413757.53307,3477867.52671,28000.0
,,94000000000.0,0.29,2006,1,8,-28.2,7.6,-3139209.64037,848520.03444,94000.0
42.2,20.7,1.9e+11,0.53,2005,12,29,-154.9,-3.0,-17243389.1239,-334111.171402,190000.0
66.0,,1.81e+11,0.51,2005,12,24,17.3,-54.0,1925827.19072,-7170156.294,181000.0
32.2,17.0,88000000000.0,0.27,2005,12,3,117.4,-33.8,13068908.2191,-4001978.42356,88000.0
,,32000000000.0,0.11,2005,12,1,-155.8,-6.4,-17343576.6656,-713930.923465,32000.0
59.3,,32000000000.0,0.11,2005,11,29,-58.2,7.6,-6478794.36417,848520.03444,32000.0
32.4,,25000000000.0,0.089,2005,11,15,-113.4,26.3,-12623630.256,3036284.92331,25000.0
29.6,,42000000000.0,0.14,2005,11,11,-134.1,21.4,-14927943.7154,2439638.72653,42000.0
30.7,13.8,73000000000.0,0.23,2005,11,9,145.9,-31.0,16241513.7067,-3632749.14338,73000.0
68.5,,32000000000.0,0.11,2005,11,2,-154.9,33.9,-17243389.1239,4015382.36007,32000.0
74.0,,67000000000.0,0.21,2005,11,2,-123.8,22.9,-13781352.9602,2619929.80049,67000.0
16.7,,1.38e+11,0.4,2005,10,26,-80.5,-36.3,-8961219.00886,-4341979.81576,138000.0
53.0,,22000000000.0,0.079,2005,9,30,-84.1,-2.8,-9361969.17571,-311818.713206,22000.0
33.3,,25000000000.0,0.089,2005,9,14,27.3,11.6,3039022.09866,1300219.20819,25000.0
,,82000000000.0,0.25,2005,9,2,73.1,13.5,8137454.77699,1516914.44534,82000.0
37.0,16.9,25000000000.0,0.089,2005,8,9,56.2,-21.5,6256155.38258,-2451599.08738,25000.0
50.0,,31000000000.0,0.11,2005,7,1,33.1,-49.8,3684675.14526,-6411711.13897,31000.0
,,23000000000.0,0.082,2005,6,18,85.6,47.9,9528948.4119,6090234.49271,23000.0
,,41000000000.0,0.14,2005,6,5,90.9,34.8,10118941.7131,4136735.0494,41000.0
29.6,26.2,82000000000.0,0.25,2005,6,3,-90.3,-31.0,-10052150.0186,-3632749.14338,82000.0
50.5,,20000000000.0,0.073,2005,5,27,145.1,-48.9,16152458.1141,-6257910.48874,20000.0
15.2,16.6,26000000000.0,0.092,2005,5,7,163.7,-75.8,18223000.6429,-13285628.5865,26000.0
,,46000000000.0,0.15,2005,5,2,36.0,17.7,4007501.66856,2002463.74869,46000.0
37.0,,22000000000.0,0.079,2005,4,22,-36.7,20.9,-4085425.31211,2379958.64292,22000.0
38.5,16.8,2.32e+11,0.64,2005,4,19,-146.4,-50.2,-16297173.4521,-6480984.63295,232000.0
39.0,,21000000000.0,0.076,2005,4,15,-73.9,-43.8,-8226510.36962,-5434543.70848,21000.0
26.5,,71000000000.0,0.22,2005,4,14,-176.0,4.9,-19592230.3796,546131.633351,71000.0
37.0,,1.06e+11,0.32,2005,4,11,-95.7,-34.2,-10653275.2689,-4055688.85901,106000.0
70.0,,29000000000.0,0.1,2005,4,6,154.6,-42.7,17209993.2766,-5266419.69709,29000.0
59.2,,2.19e+11,0.61,2005,4,3,112.4,-1.0,12512310.7652,-111325.142866,219000.0
27.2,,2.04e+11,0.57,2005,4,2,169.7,14.1,18890917.5876,1585691.78939,204000.0
,,38000000000.0,0.13,2005,3,31,-36.2,42.8,-4029765.56672,5281579.18459,38000.0
33.0,,27000000000.0,0.095,2005,3,18,-34.7,-9.7,-3862786.33053,-1084994.43256,27000.0
44.4,,53000000000.0,0.17,2005,3,9,-157.9,-21.4,-17577347.5963,-2439638.72653,53000.0
30.7,,40000000000.0,0.13,2005,3,9,142.7,14.3,15885291.3362,1608657.4067,40000.0
42.5,,1e+11,0.3,2005,2,17,-161.5,48.0,-17978097.7631,6106854.83489,100000.0
40.7,,1.41e+11,0.41,2005,1,19,-164.9,-27.5,-18356584.0318,-3186080.23337,141000.0
35.2,21.5,1.19e+11,0.35,2005,1,2,154.7,-21.3,17221125.2257,-2427686.54362,119000.0
31.8,,4.54e+11,1.2,2005,1,1,12.4,32.7,1380361.68584,3855551.34651,454000.0
,,90000000000.0,0.28,2004,12,29,171.8,-8.5,19124688.5183,-949705.706694,90000.0
,,39000000000.0,0.13,2004,12,13,155.3,-9.7,17287916.9202,-1084994.43256,39000.0
,,30000000000.0,0.1,2004,12,11,104.1,36.0,11588358.9916,4300621.37204,30000.0
,,1.81e+11,0.51,2004,11,30,-171.0,61.0,-19035632.9256,8625823.2002,181000.0
35.0,19.2,1.04e+13,18.0,2004,10,7,71.5,-27.3,7959343.59172,-3161003.04287,10400000.0
,,71000000000.0,0.22,2004,10,4,-150.9,3.7,-16798111.1607,412168.687408,71000.0
,,62000000000.0,0.2,2004,9,28,-101.1,0.2,-11254400.5192,22263.9433719,62000.0
31.5,,7.26e+12,13.0,2004,9,3,18.2,-67.7,2026014.73244,-10358420.5186,7260000.0
37.0,,1.44e+12,3.2,2004,8,22,22.7,-51.9,2526952.44101,-6782064.32875,1440000.0
,,1.04e+11,0.31,2004,6,12,175.3,21.7,19514306.7361,2475544.53378,104000.0
43.0,19.5,1.81e+12,3.9,2004,6,5,-174.4,1.3,-19414119.1943,144727.756288,1810000.0
,,54000000000.0,0.18,2004,6,3,-120.4,48.9,-13402866.6915,6257910.48874,54000.0
,,3.94e+11,1.0,2004,5,18,-47.4,-28.1,-5276543.8636,-3261587.36184,394000.0
44.0,,55000000000.0,0.18,2004,5,17,28.3,-18.9,3150341.58945,-2143166.06582,55000.0
,,1.39e+11,0.41,2004,4,22,55.1,-15.2,6133703.94271,-1712260.25586,139000.0
29.6,16.3,6.24e+11,1.5,2004,4,22,83.3,-44.3,9272913.58308,-5511985.85679,624000.0
35.0,25.6,4.33e+11,1.1,2004,4,6,162.8,-12.0,18122813.1011,-1345708.40841,433000.0
46.0,,24000000000.0,0.086,2004,3,26,155.1,-7.6,17265653.022,-848520.03444,24000.0
,,21000000000.0,0.076,2004,3,25,21.0,-4.8,2337709.30666,-534959.681184,21000.0
,,30000000000.0,0.1,2004,2,2,52.3,-18.3,5822009.36849,-2072693.08098,30000.0
37.0,,2.32e+11,0.64,2004,1,22,157.8,-50.6,17566215.6472,-6550841.04206,232000.0
63.0,,1.34e+11,0.39,2004,1,2,3.2,-28.2,356222.370538,-3274212.69435,134000.0
,,6.43e+11,1.6,2003,12,9,-90.8,-67.1,-10107809.764,-10184607.5191,643000.0
32.0,,35000000000.0,0.12,2003,11,26,22.7,-22.9,2526952.44101,-2619929.80049,35000.0
23.0,20.1,5.18e+11,1.3,2003,11,10,136.2,-64.5,15161714.646,-9477884.89686,518000.0
,,73000000000.0,0.23,2003,11,1,151.7,-51.4,16887166.7533,-6692356.43526,73000.0
26.0,18.2,2.15e+12,4.6,2003,9,27,86.6,21.0,9640267.9027,2391878.58794,2150000.0
,,3.85e+11,1.0,2003,9,2,-161.0,51.3,-17922438.0177,6674532.79847,385000.0
,,6.47e+11,1.6,2003,8,17,34.0,-39.0,3784862.68697,-4721671.57258,647000.0
,,32000000000.0,0.11,2003,6,10,122.9,-41.8,13681165.4185,-5131067.33564,32000.0
,,68000000000.0,0.22,2003,5,27,166.2,5.2,18501299.3698,579657.658611,68000.0
,,43000000000.0,0.14,2003,5,15,-80.4,54.0,-8950087.05978,7170156.294,43000.0
17.0,,1.75e+11,0.5,2003,4,13,64.5,14.8,7180107.15617,1666161.58191,175000.0
,,22000000000.0,0.079,2003,4,7,162.6,-18.4,18100549.203,-2084421.40403,22000.0
45.0,,1.42e+11,0.41,2003,3,27,-87.7,41.4,-9762719.34257,5071521.81143,142000.0
,,33000000000.0,0.11,2003,2,25,116.0,40.0,12913060.932,4865942.2795,33000.0
,,1.2e+11,0.36,2003,2,12,107.5,-31.5,11966845.2603,-3697855.33034,120000.0
,,1.97e+11,0.55,2003,2,6,-113.9,-62.9,-12679290.0014,-9075772.57008,197000.0
,,1.35e+11,0.4,2003,2,4,41.0,-59.9,4564099.12252,-8377507.5646,135000.0
,,2.4e+11,0.66,2002,11,21,-154.0,-1.4,-17143201.5822,-155862.797533,240000.0
,,43000000000.0,0.14,2002,11,12,-6.8,-21.1,-756972.537394,-2403806.52165,43000.0
,,4.6e+11,1.2,2002,11,10,-166.0,16.0,-18479035.4717,1804722.76626,460000.0
,,49000000000.0,0.16,2002,10,9,-175.9,-4.3,-19581098.4305,-479123.789323,49000.0
,,8.6e+11,2.0,2002,9,24,112.9,57.9,12567970.5106,7946339.92962,860000.0
,,90000000000.0,0.28,2002,8,14,-126.2,-6.9,-14048519.7381,-769967.861993,90000.0
,,1.51e+12,3.3,2002,8,11,159.4,-18.2,17744326.8324,-2060971.5257,1510000.0
,,2.3e+11,0.63,2002,7,25,47.0,-28.7,5232016.06728,-3337517.88703,230000.0
,,53000000000.0,0.17,2002,7,22,106.1,34.0,11810997.9732,4028802.02613,53000.0
,,1.91e+11,0.54,2002,6,13,111.4,-24.9,12400991.2744,-2863466.86682,191000.0
,,4.5e+12,8.8,2002,6,2,21.0,34.0,2337709.30666,4028802.02613,4500000.0
,,1.82e+11,0.51,2002,4,3,27.1,-5.3,3016758.2005,-590836.505199,182000.0
,,20000000000.0,0.073,2002,3,18,-120.5,-60.4,-13413998.6406,-8489337.02709,20000.0
,,2.49e+11,0.68,2002,3,9,-147.3,6.9,-16397360.9938,769967.861993,249000.0
,,82000000000.0,0.25,2002,3,3,154.0,37.5,17143201.5822,4509031.39308,82000.0
,,38000000000.0,0.13,2002,3,1,-66.8,29.2,-7436141.98499,3401126.26407,38000.0
,,70000000000.0,0.22,2002,2,9,138.7,-17.7,15440013.373,-2002463.74869,70000.0
,,70000000000.0,0.22,2002,2,1,116.6,60.7,12979852.6265,8557261.7385,70000.0
,,1.04e+11,0.31,2002,1,20,-165.0,48.4,-18367715.9809,6173660.45196,104000.0
,,36000000000.0,0.12,2001,10,27,3.8,52.7,423014.065014,6927697.6899,36000.0
,,3.26e+11,0.86,2001,7,26,84.8,0.4,9439892.81927,44528.1580268,326000.0
,,1.24e+12,2.8,2001,7,23,-77.0,41.0,-8571600.79108,5012341.66385,1240000.0
29.0,,4.6e+12,9.0,2001,4,23,-133.6,28.0,-14872283.97,3248973.78965,4600000.0
,,2.51e+11,0.68,2001,4,13,162.4,-15.3,18078285.3048,-1723798.49898,251000.0
,,1.51e+11,0.44,2001,2,4,97.3,-64.0,10831386.4542,-9349764.17415,151000.0
,,1.08e+11,0.32,2001,1,28,31.3,66.0,3484300.06183,9876845.89579,108000.0
,,2.62e+11,0.71,2000,12,15,95.2,41.3,10597615.5235,5056692.80876,262000.0
,,27000000000.0,0.095,2000,12,15,58.9,50.4,6556718.00772,6515839.14761,27000.0
,,66000000000.0,0.21,2000,11,13,-5.8,-13.6,-645653.046601,-1528365.1159,66000.0
,,69000000000.0,0.22,2000,11,6,-22.2,-52.0,-2471292.69561,-6800125.4544,69000.0
,,81000000000.0,0.25,2000,10,11,-5.5,-31.7,-612257.199363,-3723995.0673,81000.0
,,22000000000.0,0.079,2000,9,23,142.6,-58.5,15874159.3871,-8073093.61194,22000.0
,,89000000000.0,0.27,2000,9,19,-133.8,-3.2,-14894547.8681,-356407.708114,89000.0
,,1.385e+12,3.1,2000,8,25,-106.1,14.5,-11810997.9732,1631643.46701,1385000.0
,,65000000000.0,0.21,2000,8,13,-127.8,36.7,-14226630.9234,4397372.74446,65000.0
,,1.82e+11,0.51,2000,8,1,-101.9,-50.2,-11343456.1118,-6480984.63295,182000.0
,,38000000000.0,0.13,2000,7,31,-138.5,15.7,-15417749.4749,1770006.98119,38000.0
,,1.07e+11,0.32,2000,7,19,94.1,-17.7,10475164.0836,-2002463.74869,107000.0
,,65000000000.0,0.21,2000,7,7,140.7,15.0,15662652.3546,1689200.13961,65000.0
,,27000000000.0,0.095,2000,6,27,36.8,34.9,4096557.26119,4150299.83373,27000.0
,,20000000000.0,0.073,2000,6,23,-44.0,69.2,-4898057.5949,10813196.6634,20000.0
,,30000000000.0,0.1,2000,6,22,159.0,32.9,17699799.0361,3882038.14572,30000.0
48.0,,1.45e+11,0.42,2000,6,14,107.3,28.1,11944581.3621,3261587.36184,145000.0
,,30000000000.0,0.1,2000,6,3,-74.8,36.8,-8326697.91134,4411265.91026,30000.0
,,30000000000.0,0.1,2000,6,2,-18.9,-27.5,-2103938.37599,-3186080.23337,30000.0
,,28000000000.0,0.098,2000,5,6,18.4,49.9,2048278.6306,6428975.57988,28000.0
,,59000000000.0,0.19,2000,5,3,73.0,-5.0,8126322.82791,-557305.257275,59000.0
,,63000000000.0,0.2,2000,3,28,98.3,1.0,10942705.945,111325.142866,63000.0
,,9.6e+11,2.2,2000,3,6,175.0,58.0,19480910.8888,7967317.53502,960000.0
,,3.62e+12,7.3,2000,2,18,109.2,-0.9,12156088.3946,-100191.662016,3620000.0
,,22000000000.0,0.079,2000,2,17,115.9,14.2,12901928.9829,1597172.06243,22000.0
,,1.05e+12,2.4,2000,1,18,-134.6,60.3,-14983603.4608,8466834.60349,1050000.0
,,35000000000.0,0.12,2000,1,18,-94.9,24.3,-10564219.6763,2790007.25941,35000.0
,,67000000000.0,0.21,1999,12,16,-11.3,-26.5,-1257910.24596,-3061141.03889,67000.0
,,74000000000.0,0.23,1999,11,15,75.4,-8.1,8393489.60581,-904706.484759,74000.0
,,89000000000.0,0.27,1999,11,7,-77.4,-2.3,-8616128.5874,-256103.620076,89000.0
,,86000000000.0,0.27,1999,10,26,-70.8,13.7,-7881419.94816,1539820.62241,86000.0
,,28000000000.0,0.098,1999,9,8,0.2,22.4,22263.8981587,2559618.2595,28000.0
32.0,,90000000000.0,0.28,1999,9,8,104.6,32.5,11644018.737,3829123.83703,90000.0
,,36000000000.0,0.12,1999,8,16,-107.2,35.0,-11933449.413,4163881.14406,36000.0
,,3.56e+11,0.93,1999,8,3,-18.8,-64.7,-2092806.42691,-9529790.20373,356000.0
52.0,,3.26e+11,0.86,1999,7,10,39.6,-37.8,4408251.83541,-4551210.91969,326000.0
,,1.4e+11,0.41,1999,7,7,174.4,-39.5,19414119.1943,-4793547.4591,140000.0
69.0,,1.24e+11,0.37,1999,6,25,121.0,50.0,13469658.386,6446275.84102,124000.0
,,26000000000.0,0.092,1999,5,23,-116.3,-16.4,-12946456.7793,-1851091.81218,26000.0
,,92000000000.0,0.28,1999,4,26,6.5,-22.5,723576.690156,-2571663.04717,92000.0
,,33000000000.0,0.11,1999,4,26,159.1,-32.8,17710930.9852,-3868787.2981,33000.0
,,2.34e+11,0.64,1999,3,31,22.6,-17.9,2515820.49193,-2025847.03247,234000.0
,,3.04e+11,0.81,1999,3,28,97.6,0.8,10864782.3014,89058.4864167,304000.0
,,59000000000.0,0.19,1999,3,2,50.5,18.9,5621634.28506,2143166.06582,59000.0
,,1.54e+11,0.44,1999,2,18,-64.6,-54.9,-7191239.10525,-7342482.29019,154000.0
,,28000000000.0,0.098,1999,2,1,154.2,80.0,17165465.4803,15538711.0963,28000.0
,,24000000000.0,0.086,1999,1,19,85.8,7.9,9551212.31006,882223.774661,24000.0
32.0,,5.06e+12,9.8,1999,1,14,-129.7,-44.0,-14438137.9559,-5465442.18332,5060000.0
65.0,,35000000000.0,0.12,1999,1,2,103.0,47.0,11465907.5517,5942074.07243,35000.0
,,25000000000.0,0.089,1998,11,23,160.1,82.3,17822250.476,17212341.3341,25000.0
,,6.56e+11,1.6,1998,11,11,156.4,6.5,17410368.3601,725133.78513,656000.0
,,24000000000.0,0.086,1998,9,1,23.6,34.6,2627139.98272,4109654.73355,24000.0
,,1.4e+11,0.41,1998,3,22,26.6,1.4,2961098.4551,155862.797533,140000.0
30.0,17.1,74000000000.0,0.23,1998,1,4,33.4,-35.1,3718070.9925,-4177479.06218,74000.0
,,31000000000.0,0.11,1997,12,28,152.4,-23.1,16965090.3969,-2644116.434,31000.0
,,2.7e+11,0.73,1997,12,9,-49.9,62.7,-5554842.59058,9027065.29373,270000.0
,,8e+11,1.9,1997,11,7,167.2,-57.3,18612618.8606,-7821684.88075,800000.0
37.0,,1.9e+11,0.53,1997,10,9,-106.0,31.8,-11799866.0241,3737086.05624,190000.0
,,62000000000.0,0.2,1997,10,1,108.9,46.7,12122692.5474,5893243.17653,62000.0
,,23000000000.0,0.082,1997,9,30,63.9,-38.1,7113315.46169,-4593562.10652,23000.0
,,1.9e+11,0.53,1997,9,5,56.4,-31.1,6278419.28074,-3645742.868,190000.0
,,27000000000.0,0.095,1997,7,4,-175.8,-15.8,-19569966.4815,-1781573.18219,27000.0
,,3.25e+11,0.86,1997,4,27,87.5,16.7,9740455.44441,1885931.04059,325000.0
,,1.4e+11,0.41,1997,2,19,-87.7,-16.3,-9762719.34257,-1839490.71298,140000.0
,,1.5e+11,0.43,1997,2,15,115.6,35.5,12868533.1357,4232038.4624,150000.0
,,2.7e+11,0.73,1997,1,23,94.2,-15.0,10486296.0327,-1689200.13961,270000.0
,,4.8e+11,1.2,1997,1,22,29.0,32.2,3228265.233,3789592.4619,480000.0
,,43000000000.0,0.14,1997,1,4,-5.3,25.7,-589993.301204,2961971.85332,43000.0
,,41000000000.0,0.14,1996,12,17,-37.2,34.1,-4141085.05751,4042237.49968,41000.0
,,21000000000.0,0.076,1996,10,30,-123.1,-2.1,-13703429.3167,-233823.288113,21000.0
,,43000000000.0,0.14,1996,10,28,-79.4,27.4,-8838767.56899,3173535.96633,43000.0
,,44000000000.0,0.15,1996,10,23,20.6,-47.3,2293181.51034,-5991179.92465,44000.0
,,1.3e+11,0.38,1996,10,19,-34.7,29.7,-3862786.33053,3465045.63473,130000.0
,,2.5e+11,0.68,1996,10,5,145.9,-49.6,16241513.7067,-6377288.91772,250000.0
,,50000000000.0,0.16,1996,7,17,111.4,31.8,12400991.2744,3737086.05624,50000.0
,,32000000000.0,0.11,1996,7,12,-93.6,20.7,-10419504.3383,2356142.53123,32000.0
,,1.2e+11,0.36,1996,3,30,-84.3,-31.1,-9384233.07387,-3645742.868,120000.0
,,1.28e+11,0.38,1996,3,29,-158.1,21.5,-17599611.4944,2451599.08738,128000.0
,,50000000000.0,0.16,1996,2,15,-127.0,76.0,-14137575.3307,13377019.7845,50000.0
,,2.6e+11,0.71,1996,1,15,175.8,-59.8,19569966.4815,-8355344.07113,260000.0
,,4.5e+11,1.1,1995,12,22,-73.3,-70.2,-8159718.67515,-11134125.2352,450000.0
,,1.2e+11,0.36,1995,12,9,-79.0,-2.9,-8794239.77267,-322964.449559,120000.0
,,2e+11,0.56,1995,8,5,-104.3,11.6,-11610622.8897,1300219.20819,200000.0
,,1.3e+11,0.38,1995,7,11,93.3,-28.5,10386108.491,-3312159.85982,130000.0
,,25000000000.0,0.089,1995,7,9,66.3,-0.9,7380482.23959,-100191.662016,25000.0
,,1.4e+11,0.41,1995,7,7,-76.1,40.2,-8471413.24937,4895048.44056,140000.0
,,60000000000.0,0.19,1995,2,16,-141.7,16.7,-15773971.8454,1885931.04059,60000.0
,,70000000000.0,0.22,1995,1,18,115.4,51.5,12846269.2375,6710219.08322,70000.0
,,50000000000.0,0.16,1994,12,16,27.6,-42.2,3072417.94589,-5190985.71473,50000.0
,,2.35e+12,5.0,1994,11,3,89.0,6.5,9907434.6806,725133.78513,2350000.0
,,1e+12,2.3,1994,11,1,-84.5,-1.5,-9406496.97203,-166998.313753,1000000.0
,,87000000000.0,0.27,1994,10,20,-1.9,-45.2,-211507.032507,-5653062.53863,87000.0
,,41000000000.0,0.14,1994,6,15,-73.5,45.0,-8181982.57331,5621521.48619,41000.0
,,3.84e+11,1.0,1994,5,29,2.3,52.8,256034.828825,6946088.6794,384000.0
,,1.82e+13,30.0,1994,2,1,164.1,2.7,18267528.4392,300673.928222,18200000.0
,,26000000000.0,0.092,1993,11,29,78.3,26.5,8716316.12911,3061141.03889,26000.0
,,40000000000.0,0.13,1993,10,31,-100.9,51.3,-11232136.621,6674532.79847,40000.0
,,5.5e+11,1.4,1991,10,4,6.3,78.7,701312.791998,14754688.863,550000.0
,,2.5e+12,5.2,1990,10,1,142.8,7.5,15896423.2853,837290.732342,2500000.0
,,7.58e+12,14.0,1988,4,15,124.3,-4.1,13837012.7056,-456799.928502,7580000.0
